,Team 0,Team 1,Kicking Team,Winning Team,Kicking Team Won,Receiving Team Won,Tie Game,Team 0 Score,Team 0 Scoring,Team 1 Score,Team 1 Scoring,Team 0 Drives,Team 1 Drives,time_remaining,OT Summary
0,Kicking Team,Receiving Team,Kicking Team,Kicking Team,1,0,0,3,['FG'],0,[],1,1,530.0,"Kicking Team kicks off. 
Kicking Team: 0, Receiving Team: 0.  15:00 Remaining
Receiving Team starts their drive at their own 20 yardline
Receiving Team punts.
Kicking Team: 0, Receiving Team: 0.  13:17 Remaining
Kicking Team starts their drive at their own 40.0 yardline
Kicking Team kicks a field goal.
Kicking Team wins. Kicking Team: 3, Receiving Team: 0.  8:50 Remaining
"
1,Kicking Team,Receiving Team,Kicking Team,Receiving Team,0,1,0,0,[],7,['TD'],0,1,646.0,"Kicking Team kicks off. 
Kicking Team: 0, Receiving Team: 0.  15:00 Remaining
Receiving Team starts their drive at their own 20 yardline
Receiving Team scores a touchdown.
Extra point is good.
Receiving Team wins. Kicking Team: 0, Receiving Team: 7.  10:46 Remaining
"
2,Kicking Team,Receiving Team,Kicking Team,TIE,0,0,1,3,['FG'],3,['FG'],2,1,0.0,"Kicking Team kicks off. 
Kicking Team: 0, Receiving Team: 0.  15:00 Remaining
Receiving Team starts their drive at their own 20 yardline
Receiving Team kicks a field goal.
Receiving Team kicks off. 
Kicking Team: 0, Receiving Team: 3.  6:17 Remaining
Kicking Team starts their drive at their own 35 yardline
Kicking Team went for it and succeeded on fourth down.
Kicking Team starts their drive at their own 22.0 yardline
Kicking Team kicks a field goal.
The game ends in a tie. Kicking Team: 3, Receiving Team: 3.  0:00 Remaining
"
3,Kicking Team,Receiving Team,Kicking Team,Kicking Team,1,0,0,3,['FG'],0,[],1,1,636.0,"Kicking Team kicks off. 
Kicking Team: 0, Receiving Team: 0.  15:00 Remaining
Receiving Team starts their drive at their own 21 yardline
Receiving Team punts.
Kicking Team: 0, Receiving Team: 0.  14:10 Remaining
Kicking Team starts their drive at their own 20.0 yardline
Kicking Team kicks a field goal.
Kicking Team wins. Kicking Team: 3, Receiving Team: 0.  10:36 Remaining
"
4,Kicking Team,Receiving Team,Kicking Team,Kicking Team,1,0,0,3,['FG'],0,[],1,1,620.0,"Kicking Team kicks off. 
Kicking Team: 0, Receiving Team: 0.  15:00 Remaining
Receiving Team starts their drive at their own 20 yardline
Receiving Team turns the ball over via FUMBLE.
Kicking Team: 0, Receiving Team: 0.  14:34 Remaining
Kicking Team starts their drive at the opponents 47.0 yardline
Kicking Team kicks a field goal.
Kicking Team wins. Kicking Team: 3, Receiving Team: 0.  10:20 Remaining
"
5,Kicking Team,Receiving Team,Kicking Team,Kicking Team,1,0,0,3,['FG'],0,[],1,1,302.0,"Kicking Team kicks off. 
Kicking Team: 0, Receiving Team: 0.  15:00 Remaining
Receiving Team starts their drive at their own 16 yardline
Receiving Team turns the ball over via FUMBLE.
Kicking Team: 0, Receiving Team: 0.  13:45 Remaining
Kicking Team starts their drive at their own 20.0 yardline
Kicking Team kicks a field goal.
Kicking Team wins. Kicking Team: 3, Receiving Team: 0.  5:02 Remaining
"
6,Kicking Team,Receiving Team,Kicking Team,Kicking Team,1,0,0,3,['FG'],0,[],3,3,179.0,"Kicking Team kicks off. 
Kicking Team: 0, Receiving Team: 0.  15:00 Remaining
Receiving Team starts their drive at their own 20 yardline
Receiving Team punts.
Kicking Team: 0, Receiving Team: 0.  13:35 Remaining
Kicking Team starts their drive at their own 25.0 yardline
Kicking Team punts.
Kicking Team: 0, Receiving Team: 0.  12:45 Remaining
Receiving Team starts their drive at their own 20.0 yardline
Receiving Team turns the ball over via MISSED_FG.
Kicking Team: 0, Receiving Team: 0.  8:12 Remaining
Kicking Team starts their drive at their own 47.0 yardline
Kicking Team punts.
Kicking Team: 0, Receiving Team: 0.  5:39 Remaining
Receiving Team starts their drive at their own 13.0 yardline
Receiving Team punts.
Kicking Team: 0, Receiving Team: 0.  4:00 Remaining
Kicking Team starts their drive at the opponents 13.0 yardline
Kicking Team kicks a field goal.
Kicking Team wins. Kicking Team: 3, Receiving Team: 0.  2:59 Remaining
"
7,Kicking Team,Receiving Team,Kicking Team,Receiving Team,0,1,0,0,[],7,['TD'],1,2,432.0,"Kicking Team kicks off. 
Kicking Team: 0, Receiving Team: 0.  15:00 Remaining
Receiving Team starts their drive at their own 25 yardline
Receiving Team punts.
Kicking Team: 0, Receiving Team: 0.  14:08 Remaining
Kicking Team starts their drive at their own 13.0 yardline
Kicking Team punts.
Kicking Team: 0, Receiving Team: 0.  9:01 Remaining
Receiving Team starts their drive at their own 20.0 yardline
Receiving Team scores a touchdown.
Extra point is good.
Receiving Team wins. Kicking Team: 0, Receiving Team: 7.  7:12 Remaining
"
8,Kicking Team,Receiving Team,Kicking Team,Receiving Team,0,1,0,0,[],3,['FG'],1,2,520.0,"Kicking Team kicks off. 
Kicking Team: 0, Receiving Team: 0.  15:00 Remaining
Receiving Team starts their drive at their own 23 yardline
Receiving Team punts.
Kicking Team: 0, Receiving Team: 0.  13:35 Remaining
Kicking Team starts their drive at their own 25.0 yardline
Kicking Team turns the ball over via MISSED_FG.
Kicking Team: 0, Receiving Team: 0.  9:02 Remaining
Receiving Team starts their drive at their own 47.0 yardline
Receiving Team kicks a field goal.
Receiving Team wins. Kicking Team: 0, Receiving Team: 3.  8:40 Remaining
"
9,Kicking Team,Receiving Team,Kicking Team,Receiving Team,0,1,0,3,['FG'],6,"['FG', 'FG']",1,2,55.0,"Kicking Team kicks off. 
Kicking Team: 0, Receiving Team: 0.  15:00 Remaining
Receiving Team starts their drive at their own 35 yardline
Receiving Team kicks a field goal.
Receiving Team kicks off. 
Kicking Team: 0, Receiving Team: 3.  9:49 Remaining
Kicking Team starts their drive at their own 34 yardline
Kicking Team kicks a field goal.
Kicking Team kicks off. 
Kicking Team: 3, Receiving Team: 3.  5:36 Remaining
Receiving Team starts their drive at their own 22 yardline
Receiving Team kicks a field goal.
Receiving Team wins. Kicking Team: 3, Receiving Team: 6.  0:55 Remaining
"
10,Kicking Team,Receiving Team,Kicking Team,Receiving Team,0,1,0,0,[],3,['FG'],2,1,182.0,"Kicking Team kicks off. 
Kicking Team: 0, Receiving Team: 0.  15:00 Remaining
Receiving Team starts their drive at their own 12 yardline
Receiving Team kicks a field goal.
Receiving Team kicks off. 
Kicking Team: 0, Receiving Team: 3.  6:15 Remaining
Kicking Team starts their drive at their own 19 yardline
Kicking Team went for it and succeeded on fourth down.
Kicking Team starts their drive at their own 2.0 yardline
Kicking Team turns the ball over via DOWNS.
Receiving Team wins. Kicking Team: 0, Receiving Team: 3.  3:02 Remaining
"
11,Kicking Team,Receiving Team,Kicking Team,Kicking Team,1,0,0,3,['FG'],0,[],1,1,233.0,"Kicking Team kicks off. 
Kicking Team: 0, Receiving Team: 0.  15:00 Remaining
Receiving Team starts their drive at their own 20 yardline
Receiving Team punts.
Kicking Team: 0, Receiving Team: 0.  12:36 Remaining
Kicking Team starts their drive at their own 20.0 yardline
Kicking Team kicks a field goal.
Kicking Team wins. Kicking Team: 3, Receiving Team: 0.  3:53 Remaining
"
12,Kicking Team,Receiving Team,Kicking Team,Receiving Team,0,1,0,0,[],7,['TD'],1,2,396.0,"Kicking Team kicks off. 
Kicking Team: 0, Receiving Team: 0.  15:00 Remaining
Receiving Team starts their drive at their own 26 yardline
Receiving Team punts.
Kicking Team: 0, Receiving Team: 0.  13:44 Remaining
Kicking Team starts their drive at their own 28.0 yardline
Kicking Team punts.
Kicking Team: 0, Receiving Team: 0.  10:50 Remaining
Receiving Team starts their drive at their own 22.0 yardline
Receiving Team scores a touchdown.
Extra point is good.
Receiving Team wins. Kicking Team: 0, Receiving Team: 7.  6:36 Remaining
"
13,Kicking Team,Receiving Team,Kicking Team,Receiving Team,0,1,0,0,[],7,['TD'],0,1,646.0,"Kicking Team kicks off. 
Kicking Team: 0, Receiving Team: 0.  15:00 Remaining
Receiving Team starts their drive at their own 20 yardline
Receiving Team scores a touchdown.
Extra point is good.
Receiving Team wins. Kicking Team: 0, Receiving Team: 7.  10:46 Remaining
"
14,Kicking Team,Receiving Team,Kicking Team,Receiving Team,0,1,0,0,[],7,['TD'],0,1,646.0,"Kicking Team kicks off. 
Kicking Team: 0, Receiving Team: 0.  15:00 Remaining
Receiving Team starts their drive at their own 20 yardline
Receiving Team scores a touchdown.
Extra point is good.
Receiving Team wins. Kicking Team: 0, Receiving Team: 7.  10:46 Remaining
"
15,Kicking Team,Receiving Team,Kicking Team,Receiving Team,0,1,0,0,[],3,['FG'],1,1,287.0,"Kicking Team kicks off. 
Kicking Team: 0, Receiving Team: 0.  15:00 Remaining
Receiving Team starts their drive at their own 20 yardline
Receiving Team kicks a field goal.
Receiving Team kicks off. 
Kicking Team: 0, Receiving Team: 3.  6:17 Remaining
Kicking Team starts their drive at their own 20 yardline
Kicking Team went for it and failed on fourth down.
Receiving Team wins. Kicking Team: 0, Receiving Team: 3.  4:47 Remaining
"
16,Kicking Team,Receiving Team,Kicking Team,Receiving Team,0,1,0,0,[],3,['FG'],1,1,284.0,"Kicking Team kicks off. 
Kicking Team: 0, Receiving Team: 0.  15:00 Remaining
Receiving Team starts their drive at their own 20 yardline
Receiving Team kicks a field goal.
Receiving Team kicks off. 
Kicking Team: 0, Receiving Team: 3.  6:17 Remaining
Kicking Team starts their drive at their own 45 yardline
Kicking Team went for it and failed on fourth down.
Receiving Team wins. Kicking Team: 0, Receiving Team: 3.  4:44 Remaining
"
17,Kicking Team,Receiving Team,Kicking Team,Receiving Team,0,1,0,0,[],7,['TD'],1,2,719.0,"Kicking Team kicks off. 
Kicking Team: 0, Receiving Team: 0.  15:00 Remaining
Receiving Team starts their drive at their own 28 yardline
Receiving Team turns the ball over via INTERCEPTION.
Kicking Team: 0, Receiving Team: 0.  14:13 Remaining
Kicking Team starts their drive at their own 46.0 yardline
Kicking Team punts.
Kicking Team: 0, Receiving Team: 0.  12:59 Remaining
Receiving Team starts their drive at their own 9.0 yardline
Receiving Team scores a touchdown.
Extra point is good.
Receiving Team wins. Kicking Team: 0, Receiving Team: 7.  11:59 Remaining
"
18,Kicking Team,Receiving Team,Kicking Team,Receiving Team,0,1,0,0,[],7,['TD'],0,0,900.0,"Kicking Team kicks off. Receiving Team returns it for a touchdown.
Extra point is good.
Receiving Team wins. Kicking Team: 0, Receiving Team: 7.  15:00 Remaining
"
19,Kicking Team,Receiving Team,Kicking Team,Kicking Team,1,0,0,7,['TD'],3,['FG'],1,1,245.0,"Kicking Team kicks off. 
Kicking Team: 0, Receiving Team: 0.  15:00 Remaining
Receiving Team starts their drive at their own 20 yardline
Receiving Team kicks a field goal.
Receiving Team kicks off. 
Kicking Team: 0, Receiving Team: 3.  5:35 Remaining
Kicking Team starts their drive at their own 20 yardline
Kicking Team went for it on fourth down and scored a touchdown.
Extra point is good.
Kicking Team wins. Kicking Team: 7, Receiving Team: 3.  4:05 Remaining
"
20,Kicking Team,Receiving Team,Kicking Team,Kicking Team,1,0,0,7,['TD'],0,[],1,1,693.0,"Kicking Team kicks off. 
Kicking Team: 0, Receiving Team: 0.  15:00 Remaining
Receiving Team starts their drive at their own 12 yardline
Receiving Team punts.
Kicking Team: 0, Receiving Team: 0.  12:36 Remaining
Kicking Team starts their drive at their own 16.0 yardline
Kicking Team scores a touchdown.
Extra point is good.
Kicking Team wins. Kicking Team: 7, Receiving Team: 0.  11:33 Remaining
"
21,Kicking Team,Receiving Team,Kicking Team,Kicking Team,1,0,0,7,['TD'],0,[],1,1,573.0,"Kicking Team kicks off. 
Kicking Team: 0, Receiving Team: 0.  15:00 Remaining
Receiving Team starts their drive at their own 20 yardline
Receiving Team punts.
Kicking Team: 0, Receiving Team: 0.  13:47 Remaining
Kicking Team starts their drive at their own 20.0 yardline
Kicking Team scores a touchdown.
Extra point is good.
Kicking Team wins. Kicking Team: 7, Receiving Team: 0.  9:33 Remaining
"
22,Kicking Team,Receiving Team,Kicking Team,Kicking Team,1,0,0,7,['TD'],3,['FG'],1,1,143.0,"Kicking Team kicks off. 
Kicking Team: 0, Receiving Team: 0.  15:00 Remaining
Receiving Team starts their drive at their own 20 yardline
Receiving Team kicks a field goal.
Receiving Team kicks off. 
Kicking Team: 0, Receiving Team: 3.  5:35 Remaining
Kicking Team starts their drive at their own 22 yardline
Kicking Team scores a touchdown.
Extra point is good.
Kicking Team wins. Kicking Team: 7, Receiving Team: 3.  2:23 Remaining
"
23,Kicking Team,Receiving Team,Kicking Team,Receiving Team,0,1,0,0,[],3,['FG'],1,1,269.0,"Kicking Team kicks off. 
Kicking Team: 0, Receiving Team: 0.  15:00 Remaining
Receiving Team starts their drive at their own 20 yardline
Receiving Team kicks a field goal.
Receiving Team kicks off. 
Kicking Team: 0, Receiving Team: 3.  5:35 Remaining
Kicking Team starts their drive at their own 20 yardline
Kicking Team turns the ball over via DOWNS.
Receiving Team wins. Kicking Team: 0, Receiving Team: 3.  4:29 Remaining
"
24,Kicking Team,Receiving Team,Kicking Team,Receiving Team,0,1,0,0,[],3,['FG'],1,1,531.0,"Kicking Team kicks off. 
Kicking Team: 0, Receiving Team: 0.  15:00 Remaining
Receiving Team starts their drive at their own 20 yardline
Receiving Team kicks a field goal.
Receiving Team kicks off. 
Kicking Team: 0, Receiving Team: 3.  10:47 Remaining
Kicking Team starts their drive at their own 35 yardline
Kicking Team went for it and failed on fourth down.
Receiving Team wins. Kicking Team: 0, Receiving Team: 3.  8:51 Remaining
"
25,Kicking Team,Receiving Team,Kicking Team,Receiving Team,0,1,0,0,[],7,['TD'],0,1,582.0,"Kicking Team kicks off. 
Kicking Team: 0, Receiving Team: 0.  15:00 Remaining
Receiving Team starts their drive at their own 27 yardline
Receiving Team scores a touchdown.
Extra point is good.
Receiving Team wins. Kicking Team: 0, Receiving Team: 7.  9:42 Remaining
"
26,Kicking Team,Receiving Team,Kicking Team,Kicking Team,1,0,0,7,['TD'],3,['FG'],1,1,284.0,"Kicking Team kicks off. 
Kicking Team: 0, Receiving Team: 0.  15:00 Remaining
Receiving Team starts their drive at their own 20 yardline
Receiving Team kicks a field goal.
Receiving Team kicks off. 
Kicking Team: 0, Receiving Team: 3.  10:33 Remaining
Kicking Team starts their drive at their own 20 yardline
Kicking Team scores a touchdown.
Extra point is good.
Kicking Team wins. Kicking Team: 7, Receiving Team: 3.  4:44 Remaining
"
27,Kicking Team,Receiving Team,Kicking Team,Kicking Team,1,0,0,3,['FG'],0,[],1,1,620.0,"Kicking Team kicks off. 
Kicking Team: 0, Receiving Team: 0.  15:00 Remaining
Receiving Team starts their drive at their own 22 yardline
Receiving Team punts.
Kicking Team: 0, Receiving Team: 0.  13:17 Remaining
Kicking Team starts their drive at their own 40.0 yardline
Kicking Team kicks a field goal.
Kicking Team wins. Kicking Team: 3, Receiving Team: 0.  10:20 Remaining
"
28,Kicking Team,Receiving Team,Kicking Team,Kicking Team,1,0,0,3,['FG'],0,[],2,2,396.0,"Kicking Team kicks off. 
Kicking Team: 0, Receiving Team: 0.  15:00 Remaining
Receiving Team starts their drive at their own 20 yardline
Receiving Team punts.
Kicking Team: 0, Receiving Team: 0.  12:36 Remaining
Kicking Team starts their drive at their own 20.0 yardline
Kicking Team punts.
Kicking Team: 0, Receiving Team: 0.  11:11 Remaining
Receiving Team starts their drive at their own 25.0 yardline
Receiving Team turns the ball over via INTERCEPTION.
Kicking Team: 0, Receiving Team: 0.  10:24 Remaining
Kicking Team starts their drive at their own 46.0 yardline
Kicking Team kicks a field goal.
Kicking Team wins. Kicking Team: 3, Receiving Team: 0.  6:36 Remaining
"
29,Kicking Team,Receiving Team,Kicking Team,Kicking Team,1,0,0,7,['TD'],0,[],1,1,486.0,"Kicking Team kicks off. 
Kicking Team: 0, Receiving Team: 0.  15:00 Remaining
Receiving Team starts their drive at their own 20 yardline
Receiving Team punts.
Kicking Team: 0, Receiving Team: 0.  13:17 Remaining
Kicking Team starts their drive at their own 40.0 yardline
Kicking Team scores a touchdown.
Extra point is good.
Kicking Team wins. Kicking Team: 7, Receiving Team: 0.  8:06 Remaining
"
30,Kicking Team,Receiving Team,Kicking Team,TIE,0,0,1,3,['FG'],3,['FG'],1,2,0.0,"Kicking Team kicks off. 
Kicking Team: 0, Receiving Team: 0.  15:00 Remaining
Receiving Team starts their drive at their own 20 yardline
Receiving Team kicks a field goal.
Receiving Team kicks off. 
Kicking Team: 0, Receiving Team: 3.  6:17 Remaining
Kicking Team starts their drive at their own 20 yardline
Kicking Team kicks a field goal.
Kicking Team kicks off. 
Kicking Team: 3, Receiving Team: 3.  1:36 Remaining
Receiving Team starts their drive at their own 18 yardline
Time runs out.
The game ends in a tie. Kicking Team: 3, Receiving Team: 3.  0:00 Remaining
"
31,Kicking Team,Receiving Team,Kicking Team,Receiving Team,0,1,0,0,[],3,['FG'],2,3,2.0,"Kicking Team kicks off. 
Kicking Team: 0, Receiving Team: 0.  15:00 Remaining
Receiving Team starts their drive at their own 22 yardline
Receiving Team punts.
Kicking Team: 0, Receiving Team: 0.  10:31 Remaining
Kicking Team starts their drive at their own 7.0 yardline
Kicking Team punts.
Kicking Team: 0, Receiving Team: 0.  6:19 Remaining
Receiving Team starts their drive at their own 6.0 yardline
Receiving Team punts.
Kicking Team: 0, Receiving Team: 0.  5:27 Remaining
Kicking Team starts their drive at their own 37.0 yardline
Kicking Team turns the ball over via MISSED_FG.
Kicking Team: 0, Receiving Team: 0.  2:22 Remaining
Receiving Team starts their drive at their own 37.0 yardline
Receiving Team kicks a field goal.
Receiving Team wins. Kicking Team: 0, Receiving Team: 3.  0:02 Remaining
"
32,Kicking Team,Receiving Team,Kicking Team,Kicking Team,1,0,0,3,['FG'],0,[],2,2,92.0,"Kicking Team kicks off. 
Kicking Team: 0, Receiving Team: 0.  15:00 Remaining
Receiving Team starts their drive at their own 23 yardline
Receiving Team punts.
Kicking Team: 0, Receiving Team: 0.  13:17 Remaining
Kicking Team starts their drive at their own 40.0 yardline
Kicking Team punts.
Kicking Team: 0, Receiving Team: 0.  10:47 Remaining
Receiving Team starts their drive at their own 26.0 yardline
Receiving Team punts.
Kicking Team: 0, Receiving Team: 0.  6:35 Remaining
Kicking Team starts their drive at their own 14.0 yardline
Kicking Team kicks a field goal.
Kicking Team wins. Kicking Team: 3, Receiving Team: 0.  1:32 Remaining
"
33,Kicking Team,Receiving Team,Kicking Team,Receiving Team,0,1,0,0,[],3,['FG'],1,2,260.0,"Kicking Team kicks off. 
Kicking Team: 0, Receiving Team: 0.  15:00 Remaining
Receiving Team starts their drive at their own 20 yardline
Receiving Team punts.
Kicking Team: 0, Receiving Team: 0.  12:28 Remaining
Kicking Team starts their drive at their own 18.0 yardline
Kicking Team turns the ball over via DOWNS.
Kicking Team: 0, Receiving Team: 0.  7:43 Remaining
Receiving Team starts their drive at their own 44.0 yardline
Receiving Team kicks a field goal.
Receiving Team wins. Kicking Team: 0, Receiving Team: 3.  4:20 Remaining
"
34,Kicking Team,Receiving Team,Kicking Team,Kicking Team,1,0,0,7,['TD'],3,['FG'],3,1,171.0,"Kicking Team kicks off. 
Kicking Team: 0, Receiving Team: 0.  15:00 Remaining
Receiving Team starts their drive at their own 20 yardline
Receiving Team kicks a field goal.
Receiving Team kicks off. 
Kicking Team: 0, Receiving Team: 3.  6:17 Remaining
Kicking Team starts their drive at their own 26 yardline
Kicking Team went for it and succeeded on fourth down.
Kicking Team starts their drive at their own 9.0 yardline
Kicking Team went for it and succeeded on fourth down.
Kicking Team starts their drive at their own 12.0 yardline
Kicking Team went for it on fourth down and scored a touchdown.
Extra point is good.
Kicking Team wins. Kicking Team: 7, Receiving Team: 3.  2:51 Remaining
"
35,Kicking Team,Receiving Team,Kicking Team,Receiving Team,0,1,0,0,[],3,['FG'],1,1,261.0,"Kicking Team kicks off. 
Kicking Team: 0, Receiving Team: 0.  15:00 Remaining
Receiving Team starts their drive at their own 20 yardline
Receiving Team kicks a field goal.
Receiving Team kicks off. 
Kicking Team: 0, Receiving Team: 3.  6:17 Remaining
Kicking Team starts their drive at their own 38 yardline
Kicking Team went for it and failed on fourth down.
Receiving Team wins. Kicking Team: 0, Receiving Team: 3.  4:21 Remaining
"
36,Kicking Team,Receiving Team,Kicking Team,Receiving Team,0,1,0,0,[],3,['FG'],1,2,331.0,"Kicking Team kicks off. 
Kicking Team: 0, Receiving Team: 0.  15:00 Remaining
Receiving Team starts their drive at their own 20 yardline
Receiving Team punts.
Kicking Team: 0, Receiving Team: 0.  12:36 Remaining
Kicking Team starts their drive at their own 20.0 yardline
Kicking Team turns the ball over via DOWNS.
Kicking Team: 0, Receiving Team: 0.  7:51 Remaining
Receiving Team starts their drive at their own 44.0 yardline
Receiving Team kicks a field goal.
Receiving Team wins. Kicking Team: 0, Receiving Team: 3.  5:31 Remaining
"
37,Kicking Team,Receiving Team,Kicking Team,Receiving Team,0,1,0,0,[],3,['FG'],1,1,269.0,"Kicking Team kicks off. 
Kicking Team: 0, Receiving Team: 0.  15:00 Remaining
Receiving Team starts their drive at their own 20 yardline
Receiving Team kicks a field goal.
Receiving Team kicks off. 
Kicking Team: 0, Receiving Team: 3.  5:35 Remaining
Kicking Team starts their drive at their own 19 yardline
Kicking Team turns the ball over via DOWNS.
Receiving Team wins. Kicking Team: 0, Receiving Team: 3.  4:29 Remaining
"
38,Kicking Team,Receiving Team,Kicking Team,Kicking Team,1,0,0,3,['FG'],0,[],2,2,213.0,"Kicking Team kicks off. 
Kicking Team: 0, Receiving Team: 0.  15:00 Remaining
Receiving Team starts their drive at their own 20 yardline
Receiving Team punts.
Kicking Team: 0, Receiving Team: 0.  12:28 Remaining
Kicking Team starts their drive at their own 18.0 yardline
Kicking Team turns the ball over via FUMBLE.
Kicking Team: 0, Receiving Team: 0.  10:27 Remaining
Receiving Team starts their drive at their own 25.0 yardline
Receiving Team turns the ball over via MISSED_FG.
Kicking Team: 0, Receiving Team: 0.  5:54 Remaining
Kicking Team starts their drive at their own 47.0 yardline
Kicking Team kicks a field goal.
Kicking Team wins. Kicking Team: 3, Receiving Team: 0.  3:33 Remaining
"
39,Kicking Team,Receiving Team,Kicking Team,Receiving Team,0,1,0,0,[],7,['TD'],0,1,589.0,"Kicking Team kicks off. 
Kicking Team: 0, Receiving Team: 0.  15:00 Remaining
Receiving Team starts their drive at their own 33 yardline
Receiving Team scores a touchdown.
Extra point is good.
Receiving Team wins. Kicking Team: 0, Receiving Team: 7.  9:49 Remaining
"
40,Kicking Team,Receiving Team,Kicking Team,Receiving Team,0,1,0,0,[],3,['FG'],1,1,646.0,"Kicking Team kicks off. 
Kicking Team: 0, Receiving Team: 0.  15:00 Remaining
Receiving Team starts their drive at their own 36 yardline
Receiving Team kicks a field goal.
Receiving Team kicks off. 
Kicking Team: 0, Receiving Team: 3.  12:19 Remaining
Kicking Team starts their drive at their own 40 yardline
Kicking Team went for it and failed on fourth down.
Receiving Team wins. Kicking Team: 0, Receiving Team: 3.  10:46 Remaining
"
41,Kicking Team,Receiving Team,Kicking Team,Kicking Team,1,0,0,3,['FG'],0,[],1,1,535.0,"Kicking Team kicks off. 
Kicking Team: 0, Receiving Team: 0.  15:00 Remaining
Receiving Team starts their drive at their own 20 yardline
Receiving Team punts.
Kicking Team: 0, Receiving Team: 0.  12:28 Remaining
Kicking Team starts their drive at their own 18.0 yardline
Kicking Team kicks a field goal.
Kicking Team wins. Kicking Team: 3, Receiving Team: 0.  8:55 Remaining
"
42,Kicking Team,Receiving Team,Kicking Team,Receiving Team,0,1,0,0,[],3,['FG'],1,2,723.0,"Kicking Team kicks off. 
Kicking Team: 0, Receiving Team: 0.  15:00 Remaining
Receiving Team starts their drive at their own 20 yardline
Receiving Team punts.
Kicking Team: 0, Receiving Team: 0.  13:47 Remaining
Kicking Team starts their drive at their own 20.0 yardline
Kicking Team punts.
Kicking Team: 0, Receiving Team: 0.  12:26 Remaining
Receiving Team starts their drive at the opponents 39.0 yardline
Receiving Team kicks a field goal.
Receiving Team wins. Kicking Team: 0, Receiving Team: 3.  12:03 Remaining
"
43,Kicking Team,Receiving Team,Kicking Team,Receiving Team,0,1,0,0,[],3,['FG'],1,2,218.0,"Kicking Team kicks off. 
Kicking Team: 0, Receiving Team: 0.  15:00 Remaining
Receiving Team starts their drive at their own 20 yardline
Receiving Team turns the ball over via FUMBLE.
Kicking Team: 0, Receiving Team: 0.  12:59 Remaining
Kicking Team starts their drive at their own 25.0 yardline
Kicking Team turns the ball over via MISSED_FG.
Kicking Team: 0, Receiving Team: 0.  8:26 Remaining
Receiving Team starts their drive at their own 47.0 yardline
Receiving Team kicks a field goal.
Receiving Team wins. Kicking Team: 0, Receiving Team: 3.  3:38 Remaining
"
44,Kicking Team,Receiving Team,Kicking Team,Kicking Team,1,0,0,7,['TD'],0,[],1,1,494.0,"Kicking Team kicks off. 
Kicking Team: 0, Receiving Team: 0.  15:00 Remaining
Receiving Team starts their drive at their own 21 yardline
Receiving Team punts.
Kicking Team: 0, Receiving Team: 0.  12:28 Remaining
Kicking Team starts their drive at their own 18.0 yardline
Kicking Team scores a touchdown.
Extra point is good.
Kicking Team wins. Kicking Team: 7, Receiving Team: 0.  8:14 Remaining
"
45,Kicking Team,Receiving Team,Kicking Team,Receiving Team,0,1,0,0,[],3,['FG'],1,1,633.0,"Kicking Team kicks off. 
Kicking Team: 0, Receiving Team: 0.  15:00 Remaining
Receiving Team starts their drive at their own 20 yardline
Receiving Team kicks a field goal.
Receiving Team kicks off. 
Kicking Team: 0, Receiving Team: 3.  10:33 Remaining
Kicking Team starts their drive at their own 17 yardline
Kicking Team turns the ball over via INTERCEPTION.
Receiving Team wins. Kicking Team: 0, Receiving Team: 3.  10:33 Remaining
"
46,Kicking Team,Receiving Team,Kicking Team,Kicking Team,1,0,0,3,['FG'],0,[],1,1,712.0,"Kicking Team kicks off. 
Kicking Team: 0, Receiving Team: 0.  15:00 Remaining
Receiving Team starts their drive at their own 23 yardline
Receiving Team turns the ball over via INTERCEPTION.
Kicking Team: 0, Receiving Team: 0.  14:13 Remaining
Kicking Team starts their drive at their own 46.0 yardline
Kicking Team kicks a field goal.
Kicking Team wins. Kicking Team: 3, Receiving Team: 0.  11:52 Remaining
"
47,Kicking Team,Receiving Team,Kicking Team,Kicking Team,1,0,0,3,['FG'],0,[],1,1,501.0,"Kicking Team kicks off. 
Kicking Team: 0, Receiving Team: 0.  15:00 Remaining
Receiving Team starts their drive at their own 27 yardline
Receiving Team punts.
Kicking Team: 0, Receiving Team: 0.  13:32 Remaining
Kicking Team starts their drive at their own 28.0 yardline
Kicking Team kicks a field goal.
Kicking Team wins. Kicking Team: 3, Receiving Team: 0.  8:21 Remaining
"
48,Kicking Team,Receiving Team,Kicking Team,Receiving Team,0,1,0,0,[],3,['FG'],1,1,526.0,"Kicking Team kicks off. 
Kicking Team: 0, Receiving Team: 0.  15:00 Remaining
Receiving Team starts their drive at their own 20 yardline
Receiving Team kicks a field goal.
Receiving Team kicks off. 
Kicking Team: 0, Receiving Team: 3.  10:47 Remaining
Kicking Team starts their drive at their own 20 yardline
Kicking Team went for it and failed on fourth down.
Receiving Team wins. Kicking Team: 0, Receiving Team: 3.  8:46 Remaining
"
49,Kicking Team,Receiving Team,Kicking Team,Receiving Team,0,1,0,0,[],7,['TD'],0,1,646.0,"Kicking Team kicks off. 
Kicking Team: 0, Receiving Team: 0.  15:00 Remaining
Receiving Team starts their drive at their own 19 yardline
Receiving Team scores a touchdown.
Extra point is good.
Receiving Team wins. Kicking Team: 0, Receiving Team: 7.  10:46 Remaining
"
50,Kicking Team,Receiving Team,Kicking Team,Receiving Team,0,1,0,0,[],7,['TD'],0,1,770.0,"Kicking Team kicks off. 
Kicking Team: 0, Receiving Team: 0.  15:00 Remaining
Receiving Team starts their drive at their own 11 yardline
Receiving Team scores a touchdown.
Extra point is good.
Receiving Team wins. Kicking Team: 0, Receiving Team: 7.  12:50 Remaining
"
51,Kicking Team,Receiving Team,Kicking Team,Receiving Team,0,1,0,0,[],3,['FG'],1,2,490.0,"Kicking Team kicks off. 
Kicking Team: 0, Receiving Team: 0.  15:00 Remaining
Receiving Team starts their drive at their own 20 yardline
Receiving Team turns the ball over via DOWNS.
Kicking Team: 0, Receiving Team: 0.  10:15 Remaining
Kicking Team starts their drive at their own 44.0 yardline
Kicking Team turns the ball over via FUMBLE.
Kicking Team: 0, Receiving Team: 0.  9:35 Remaining
Receiving Team starts their drive at their own 28.0 yardline
Receiving Team kicks a field goal.
Receiving Team wins. Kicking Team: 0, Receiving Team: 3.  8:10 Remaining
"
52,Kicking Team,Receiving Team,Kicking Team,Receiving Team,0,1,0,0,[],7,['TD'],0,0,900.0,"Kicking Team kicks off. Receiving Team returns it for a touchdown.
Extra point is good.
Receiving Team wins. Kicking Team: 0, Receiving Team: 7.  15:00 Remaining
"
53,Kicking Team,Receiving Team,Kicking Team,Kicking Team,1,0,0,6,"['FG', 'FG']",3,['FG'],2,2,189.0,"Kicking Team kicks off. 
Kicking Team: 0, Receiving Team: 0.  15:00 Remaining
Receiving Team starts their drive at their own 34 yardline
Receiving Team kicks a field goal.
Receiving Team kicks off. 
Kicking Team: 0, Receiving Team: 3.  12:19 Remaining
Kicking Team starts their drive at their own 20 yardline
Kicking Team kicks a field goal.
Kicking Team kicks off. 
Kicking Team: 3, Receiving Team: 3.  8:28 Remaining
Receiving Team starts their drive at their own 10 yardline
Receiving Team punts.
Kicking Team: 3, Receiving Team: 3.  6:57 Remaining
Kicking Team starts their drive at their own 39.0 yardline
Kicking Team kicks a field goal.
Kicking Team wins. Kicking Team: 6, Receiving Team: 3.  3:09 Remaining
"
54,Kicking Team,Receiving Team,Kicking Team,Receiving Team,0,1,0,0,[],7,['TD'],0,1,582.0,"Kicking Team kicks off. 
Kicking Team: 0, Receiving Team: 0.  15:00 Remaining
Receiving Team starts their drive at their own 27 yardline
Receiving Team scores a touchdown.
Extra point is good.
Receiving Team wins. Kicking Team: 0, Receiving Team: 7.  9:42 Remaining
"
55,Kicking Team,Receiving Team,Kicking Team,Receiving Team,0,1,0,0,[],3,['FG'],1,1,258.0,"Kicking Team kicks off. 
Kicking Team: 0, Receiving Team: 0.  15:00 Remaining
Receiving Team starts their drive at their own 20 yardline
Receiving Team kicks a field goal.
Receiving Team kicks off. 
Kicking Team: 0, Receiving Team: 3.  5:35 Remaining
Kicking Team starts their drive at their own 30 yardline
Kicking Team turns the ball over via FUMBLE.
Receiving Team wins. Kicking Team: 0, Receiving Team: 3.  4:18 Remaining
"
56,Kicking Team,Receiving Team,Kicking Team,Receiving Team,0,1,0,0,[],3,['FG'],1,1,743.0,"Kicking Team kicks off. 
Kicking Team: 0, Receiving Team: 0.  15:00 Remaining
Receiving Team starts their drive at their own 27 yardline
Receiving Team kicks a field goal.
Receiving Team kicks off. 
Kicking Team: 0, Receiving Team: 3.  13:35 Remaining
Kicking Team starts their drive at their own 26 yardline
Kicking Team turns the ball over via FUMBLE.
Receiving Team wins. Kicking Team: 0, Receiving Team: 3.  12:23 Remaining
"
57,Kicking Team,Receiving Team,Kicking Team,Receiving Team,0,1,0,0,[],3,['FG'],1,2,175.0,"Kicking Team kicks off. 
Kicking Team: 0, Receiving Team: 0.  15:00 Remaining
Receiving Team starts their drive at their own 20 yardline
Receiving Team punts.
Kicking Team: 0, Receiving Team: 0.  12:28 Remaining
Kicking Team starts their drive at their own 18.0 yardline
Kicking Team turns the ball over via DOWNS.
Kicking Team: 0, Receiving Team: 0.  7:43 Remaining
Receiving Team starts their drive at their own 44.0 yardline
Receiving Team kicks a field goal.
Receiving Team wins. Kicking Team: 0, Receiving Team: 3.  2:55 Remaining
"
58,Kicking Team,Receiving Team,Kicking Team,Receiving Team,0,1,0,0,[],3,['FG'],2,1,528.0,"Kicking Team kicks off. 
Kicking Team: 0, Receiving Team: 0.  15:00 Remaining
Receiving Team starts their drive at their own 20 yardline
Receiving Team kicks a field goal.
Receiving Team kicks off. 
Kicking Team: 0, Receiving Team: 3.  10:47 Remaining
Kicking Team starts their drive at their own 20 yardline
Kicking Team went for it and succeeded on fourth down.
Kicking Team starts their drive at their own 25.0 yardline
Kicking Team went for it and failed on fourth down.
Receiving Team wins. Kicking Team: 0, Receiving Team: 3.  8:48 Remaining
"
59,Kicking Team,Receiving Team,Kicking Team,Kicking Team,1,0,0,7,['TD'],3,['FG'],1,1,393.0,"Kicking Team kicks off. 
Kicking Team: 0, Receiving Team: 0.  15:00 Remaining
Receiving Team starts their drive at their own 20 yardline
Receiving Team kicks a field goal.
Receiving Team kicks off. 
Kicking Team: 0, Receiving Team: 3.  10:47 Remaining
Kicking Team starts their drive at their own 40 yardline
Kicking Team scores a touchdown.
Extra point is good.
Kicking Team wins. Kicking Team: 7, Receiving Team: 3.  6:33 Remaining
"
60,Kicking Team,Receiving Team,Kicking Team,Receiving Team,0,1,0,0,[],7,['TD'],0,1,646.0,"Kicking Team kicks off. 
Kicking Team: 0, Receiving Team: 0.  15:00 Remaining
Receiving Team starts their drive at their own 20 yardline
Receiving Team scores a touchdown.
Extra point is good.
Receiving Team wins. Kicking Team: 0, Receiving Team: 7.  10:46 Remaining
"
61,Kicking Team,Receiving Team,Kicking Team,Receiving Team,0,1,0,0,[],3,['FG'],2,3,207.0,"Kicking Team kicks off. 
Kicking Team: 0, Receiving Team: 0.  15:00 Remaining
Receiving Team starts their drive at their own 20 yardline
Receiving Team turns the ball over via DOWNS.
Kicking Team: 0, Receiving Team: 0.  10:15 Remaining
Kicking Team starts their drive at their own 44.0 yardline
Kicking Team punts.
Kicking Team: 0, Receiving Team: 0.  7:45 Remaining
Receiving Team starts their drive at their own 26.0 yardline
Receiving Team punts.
Kicking Team: 0, Receiving Team: 0.  6:17 Remaining
Kicking Team starts their drive at their own 28.0 yardline
Kicking Team punts.
Kicking Team: 0, Receiving Team: 0.  5:05 Remaining
Receiving Team starts their drive at their own 24.0 yardline
Receiving Team kicks a field goal.
Receiving Team wins. Kicking Team: 0, Receiving Team: 3.  3:27 Remaining
"
62,Kicking Team,Receiving Team,Kicking Team,Receiving Team,0,1,0,0,[],3,['FG'],1,2,607.0,"Kicking Team kicks off. 
Kicking Team: 0, Receiving Team: 0.  15:00 Remaining
Receiving Team starts their drive at the opponents 44 yardline
Receiving Team turns the ball over via MISSED_FG.
Kicking Team: 0, Receiving Team: 0.  15:00 Remaining
Kicking Team starts their drive at their own 20.0 yardline
Kicking Team turns the ball over via FUMBLE.
Kicking Team: 0, Receiving Team: 0.  14:34 Remaining
Receiving Team starts their drive at the opponents 47.0 yardline
Receiving Team kicks a field goal.
Receiving Team wins. Kicking Team: 0, Receiving Team: 3.  10:07 Remaining
"
63,Kicking Team,Receiving Team,Kicking Team,Kicking Team,1,0,0,3,['FG'],0,[],1,1,620.0,"Kicking Team kicks off. 
Kicking Team: 0, Receiving Team: 0.  15:00 Remaining
Receiving Team starts their drive at their own 20 yardline
Receiving Team turns the ball over via FUMBLE.
Kicking Team: 0, Receiving Team: 0.  14:34 Remaining
Kicking Team starts their drive at the opponents 47.0 yardline
Kicking Team kicks a field goal.
Kicking Team wins. Kicking Team: 3, Receiving Team: 0.  10:20 Remaining
"
64,Kicking Team,Receiving Team,Kicking Team,Kicking Team,1,0,0,3,['FG'],0,[],1,1,517.0,"Kicking Team kicks off. 
Kicking Team: 0, Receiving Team: 0.  15:00 Remaining
Receiving Team starts their drive at their own 18 yardline
Receiving Team turns the ball over via DOWNS.
Kicking Team: 0, Receiving Team: 0.  10:15 Remaining
Kicking Team starts their drive at their own 44.0 yardline
Kicking Team kicks a field goal.
Kicking Team wins. Kicking Team: 3, Receiving Team: 0.  8:37 Remaining
"
65,Kicking Team,Receiving Team,Kicking Team,Receiving Team,0,1,0,0,[],3,['FG'],1,1,577.0,"Kicking Team kicks off. 
Kicking Team: 0, Receiving Team: 0.  15:00 Remaining
Receiving Team starts their drive at their own 20 yardline
Receiving Team kicks a field goal.
Receiving Team kicks off. 
Kicking Team: 0, Receiving Team: 3.  10:47 Remaining
Kicking Team starts their drive at their own 20 yardline
Kicking Team went for it and failed on fourth down.
Receiving Team wins. Kicking Team: 0, Receiving Team: 3.  9:37 Remaining
"
66,Kicking Team,Receiving Team,Kicking Team,Kicking Team,1,0,0,3,['FG'],0,[],1,1,535.0,"Kicking Team kicks off. 
Kicking Team: 0, Receiving Team: 0.  15:00 Remaining
Receiving Team starts their drive at their own 20 yardline
Receiving Team punts.
Kicking Team: 0, Receiving Team: 0.  12:28 Remaining
Kicking Team starts their drive at their own 18.0 yardline
Kicking Team kicks a field goal.
Kicking Team wins. Kicking Team: 3, Receiving Team: 0.  8:55 Remaining
"
67,Kicking Team,Receiving Team,Kicking Team,Kicking Team,1,0,0,7,['TD'],0,[],1,1,639.0,"Kicking Team kicks off. 
Kicking Team: 0, Receiving Team: 0.  15:00 Remaining
Receiving Team starts their drive at their own 24 yardline
Receiving Team punts.
Kicking Team: 0, Receiving Team: 0.  12:28 Remaining
Kicking Team starts their drive at their own 22.0 yardline
Kicking Team scores a touchdown.
Extra point is good.
Kicking Team wins. Kicking Team: 7, Receiving Team: 0.  10:39 Remaining
"
68,Kicking Team,Receiving Team,Kicking Team,Receiving Team,0,1,0,0,[],3,['FG'],3,4,16.0,"Kicking Team kicks off. 
Kicking Team: 0, Receiving Team: 0.  15:00 Remaining
Receiving Team starts their drive at their own 20 yardline
Receiving Team punts.
Kicking Team: 0, Receiving Team: 0.  12:36 Remaining
Kicking Team starts their drive at their own 20.0 yardline
Kicking Team punts.
Kicking Team: 0, Receiving Team: 0.  11:15 Remaining
Receiving Team starts their drive at the opponents 39.0 yardline
Receiving Team turns the ball over via MISSED_FG.
Kicking Team: 0, Receiving Team: 0.  8:10 Remaining
Kicking Team starts their drive at their own 37.0 yardline
Kicking Team turns the ball over via MISSED_FG.
Kicking Team: 0, Receiving Team: 0.  5:05 Remaining
Receiving Team starts their drive at their own 37.0 yardline
Receiving Team punts.
Kicking Team: 0, Receiving Team: 0.  3:46 Remaining
Kicking Team starts their drive at their own 10.0 yardline
Kicking Team punts.
Kicking Team: 0, Receiving Team: 0.  1:54 Remaining
Receiving Team starts their drive at their own 34.0 yardline
Receiving Team kicks a field goal.
Receiving Team wins. Kicking Team: 0, Receiving Team: 3.  0:16 Remaining
"
69,Kicking Team,Receiving Team,Kicking Team,Kicking Team,1,0,0,7,['TD'],3,['FG'],1,1,497.0,"Kicking Team kicks off. 
Kicking Team: 0, Receiving Team: 0.  15:00 Remaining
Receiving Team starts their drive at their own 20 yardline
Receiving Team kicks a field goal.
Receiving Team kicks off. 
Kicking Team: 0, Receiving Team: 3.  11:26 Remaining
Kicking Team starts their drive at their own 44 yardline
Kicking Team scores a touchdown.
Extra point is good.
Kicking Team wins. Kicking Team: 7, Receiving Team: 3.  8:17 Remaining
"
70,Kicking Team,Receiving Team,Kicking Team,Receiving Team,0,1,0,3,['FG'],6,"['FG', 'FG']",2,3,152.0,"Kicking Team kicks off. 
Kicking Team: 0, Receiving Team: 0.  15:00 Remaining
Receiving Team starts their drive at their own 20 yardline
Receiving Team kicks a field goal.
Receiving Team kicks off. 
Kicking Team: 0, Receiving Team: 3.  11:26 Remaining
Kicking Team starts their drive at their own 20 yardline
Kicking Team kicks a field goal.
Kicking Team kicks off. 
Kicking Team: 3, Receiving Team: 3.  7:35 Remaining
Receiving Team starts their drive at their own 20 yardline
Receiving Team punts.
Kicking Team: 3, Receiving Team: 3.  5:59 Remaining
Kicking Team starts their drive at their own 29.0 yardline
Kicking Team punts.
Kicking Team: 3, Receiving Team: 3.  4:53 Remaining
Receiving Team starts their drive at their own 40.0 yardline
Receiving Team kicks a field goal.
Receiving Team wins. Kicking Team: 3, Receiving Team: 6.  2:32 Remaining
"
71,Kicking Team,Receiving Team,Kicking Team,Receiving Team,0,1,0,0,[],3,['FG'],1,1,223.0,"Kicking Team kicks off. 
Kicking Team: 0, Receiving Team: 0.  15:00 Remaining
Receiving Team starts their drive at their own 21 yardline
Receiving Team kicks a field goal.
Receiving Team kicks off. 
Kicking Team: 0, Receiving Team: 3.  5:35 Remaining
Kicking Team starts their drive at their own 20 yardline
Kicking Team went for it and failed on fourth down.
Receiving Team wins. Kicking Team: 0, Receiving Team: 3.  3:43 Remaining
"
72,Kicking Team,Receiving Team,Kicking Team,Receiving Team,0,1,0,0,[],7,['TD'],0,1,580.0,"Kicking Team kicks off. 
Kicking Team: 0, Receiving Team: 0.  15:00 Remaining
Receiving Team starts their drive at their own 37 yardline
Receiving Team scores a touchdown.
Extra point is good.
Receiving Team wins. Kicking Team: 0, Receiving Team: 7.  9:40 Remaining
"
73,Kicking Team,Receiving Team,Kicking Team,Receiving Team,0,1,0,0,[],7,['TD'],0,1,646.0,"Kicking Team kicks off. 
Kicking Team: 0, Receiving Team: 0.  15:00 Remaining
Receiving Team starts their drive at their own 20 yardline
Receiving Team scores a touchdown.
Extra point is good.
Receiving Team wins. Kicking Team: 0, Receiving Team: 7.  10:46 Remaining
"
74,Kicking Team,Receiving Team,Kicking Team,Kicking Team,1,0,0,3,['FG'],0,[],2,2,36.0,"Kicking Team kicks off. 
Kicking Team: 0, Receiving Team: 0.  15:00 Remaining
Receiving Team starts their drive at their own 20 yardline
Receiving Team turns the ball over via DOWNS.
Kicking Team: 0, Receiving Team: 0.  10:15 Remaining
Kicking Team starts their drive at their own 44.0 yardline
Kicking Team turns the ball over via MISSED_FG.
Kicking Team: 0, Receiving Team: 0.  7:10 Remaining
Receiving Team starts their drive at their own 37.0 yardline
Receiving Team turns the ball over via MISSED_FG.
Kicking Team: 0, Receiving Team: 0.  4:05 Remaining
Kicking Team starts their drive at their own 37.0 yardline
Kicking Team kicks a field goal.
Kicking Team wins. Kicking Team: 3, Receiving Team: 0.  0:36 Remaining
"
75,Kicking Team,Receiving Team,Kicking Team,Receiving Team,0,1,0,0,[],3,['FG'],1,2,399.0,"Kicking Team kicks off. 
Kicking Team: 0, Receiving Team: 0.  15:00 Remaining
Receiving Team starts their drive at their own 18 yardline
Receiving Team punts.
Kicking Team: 0, Receiving Team: 0.  13:17 Remaining
Kicking Team starts their drive at their own 40.0 yardline
Kicking Team turns the ball over via MISSED_FG.
Kicking Team: 0, Receiving Team: 0.  10:12 Remaining
Receiving Team starts their drive at their own 37.0 yardline
Receiving Team kicks a field goal.
Receiving Team wins. Kicking Team: 0, Receiving Team: 3.  6:39 Remaining
"
76,Kicking Team,Receiving Team,Kicking Team,Kicking Team,1,0,0,7,['TD'],3,['FG'],1,1,143.0,"Kicking Team kicks off. 
Kicking Team: 0, Receiving Team: 0.  15:00 Remaining
Receiving Team starts their drive at their own 20 yardline
Receiving Team kicks a field goal.
Receiving Team kicks off. 
Kicking Team: 0, Receiving Team: 3.  5:35 Remaining
Kicking Team starts their drive at their own 20 yardline
Kicking Team scores a touchdown.
Extra point is good.
Kicking Team wins. Kicking Team: 7, Receiving Team: 3.  2:23 Remaining
"
77,Kicking Team,Receiving Team,Kicking Team,Receiving Team,0,1,0,0,[],3,['FG'],1,1,608.0,"Kicking Team kicks off. 
Kicking Team: 0, Receiving Team: 0.  15:00 Remaining
Receiving Team starts their drive at their own 41 yardline
Receiving Team kicks a field goal.
Receiving Team kicks off. 
Kicking Team: 0, Receiving Team: 3.  10:33 Remaining
Kicking Team starts their drive at their own 20 yardline
Kicking Team turns the ball over via INTERCEPTION.
Receiving Team wins. Kicking Team: 0, Receiving Team: 3.  10:08 Remaining
"
78,Kicking Team,Receiving Team,Kicking Team,Receiving Team,0,1,0,0,[],3,['FG'],2,1,683.0,"Kicking Team kicks off. 
Kicking Team: 0, Receiving Team: 0.  15:00 Remaining
Receiving Team starts their drive at their own 23 yardline
Receiving Team kicks a field goal.
Receiving Team kicks off. 
Kicking Team: 0, Receiving Team: 3.  13:35 Remaining
Kicking Team starts their drive at their own 20 yardline
Kicking Team went for it and succeeded on fourth down.
Kicking Team starts their drive at their own 1 yardline
Kicking Team turns the ball over via INTERCEPTION.
Receiving Team wins. Kicking Team: 0, Receiving Team: 3.  11:23 Remaining
"
79,Kicking Team,Receiving Team,Kicking Team,Receiving Team,0,1,0,0,[],3,['FG'],1,1,350.0,"Kicking Team kicks off. 
Kicking Team: 0, Receiving Team: 0.  15:00 Remaining
Receiving Team starts their drive at their own 29 yardline
Receiving Team kicks a field goal.
Receiving Team kicks off. 
Kicking Team: 0, Receiving Team: 3.  9:49 Remaining
Kicking Team starts their drive at their own 20 yardline
Kicking Team went for it and failed on fourth down.
Receiving Team wins. Kicking Team: 0, Receiving Team: 3.  5:50 Remaining
"
80,Kicking Team,Receiving Team,Kicking Team,Receiving Team,0,1,0,0,[],3,['FG'],1,1,321.0,"Kicking Team kicks off. 
Kicking Team: 0, Receiving Team: 0.  15:00 Remaining
Receiving Team starts their drive at their own 15 yardline
Receiving Team kicks a field goal.
Receiving Team kicks off. 
Kicking Team: 0, Receiving Team: 3.  8:14 Remaining
Kicking Team starts their drive at their own 18 yardline
Kicking Team went for it and failed on fourth down.
Receiving Team wins. Kicking Team: 0, Receiving Team: 3.  5:21 Remaining
"
81,Kicking Team,Receiving Team,Kicking Team,Kicking Team,1,0,0,7,['TD'],0,[],1,1,865.0,"Kicking Team kicks off. 
Kicking Team: 0, Receiving Team: 0.  15:00 Remaining
Receiving Team starts their drive at their own 16 yardline
Receiving Team turns the ball over via FUMBLE.
Kicking Team: 0, Receiving Team: 0.  14:34 Remaining
Kicking Team starts their drive at the opponents 16.0 yardline
Kicking Team scores a touchdown.
Extra point is good.
Kicking Team wins. Kicking Team: 7, Receiving Team: 0.  14:25 Remaining
"
82,Kicking Team,Receiving Team,Kicking Team,Receiving Team,0,1,0,0,[],3,['FG'],1,1,517.0,"Kicking Team kicks off. 
Kicking Team: 0, Receiving Team: 0.  15:00 Remaining
Receiving Team starts their drive at their own 20 yardline
Receiving Team kicks a field goal.
Receiving Team kicks off. 
Kicking Team: 0, Receiving Team: 3.  11:26 Remaining
Kicking Team starts their drive at their own 48 yardline
Kicking Team turns the ball over via INTERCEPTION.
Receiving Team wins. Kicking Team: 0, Receiving Team: 3.  8:37 Remaining
"
83,Kicking Team,Receiving Team,Kicking Team,Kicking Team,1,0,0,3,['FG'],0,[],1,1,475.0,"Kicking Team kicks off. 
Kicking Team: 0, Receiving Team: 0.  15:00 Remaining
Receiving Team starts their drive at their own 20 yardline
Receiving Team turns the ball over via DOWNS.
Kicking Team: 0, Receiving Team: 0.  10:15 Remaining
Kicking Team starts their drive at their own 44.0 yardline
Kicking Team kicks a field goal.
Kicking Team wins. Kicking Team: 3, Receiving Team: 0.  7:55 Remaining
"
84,Kicking Team,Receiving Team,Kicking Team,Kicking Team,1,0,0,7,['TD'],0,[],1,1,573.0,"Kicking Team kicks off. 
Kicking Team: 0, Receiving Team: 0.  15:00 Remaining
Receiving Team starts their drive at their own 20 yardline
Receiving Team punts.
Kicking Team: 0, Receiving Team: 0.  13:47 Remaining
Kicking Team starts their drive at their own 20.0 yardline
Kicking Team scores a touchdown.
Extra point is good.
Kicking Team wins. Kicking Team: 7, Receiving Team: 0.  9:33 Remaining
"
85,Kicking Team,Receiving Team,Kicking Team,Kicking Team,1,0,0,3,['FG'],0,[],1,1,712.0,"Kicking Team kicks off. 
Kicking Team: 0, Receiving Team: 0.  15:00 Remaining
Receiving Team starts their drive at their own 22 yardline
Receiving Team turns the ball over via INTERCEPTION.
Kicking Team: 0, Receiving Team: 0.  14:13 Remaining
Kicking Team starts their drive at their own 46.0 yardline
Kicking Team kicks a field goal.
Kicking Team wins. Kicking Team: 3, Receiving Team: 0.  11:52 Remaining
"
86,Kicking Team,Receiving Team,Kicking Team,Receiving Team,0,1,0,0,[],7,['TD'],0,1,646.0,"Kicking Team kicks off. 
Kicking Team: 0, Receiving Team: 0.  15:00 Remaining
Receiving Team starts their drive at their own 20 yardline
Receiving Team scores a touchdown.
Extra point is good.
Receiving Team wins. Kicking Team: 0, Receiving Team: 7.  10:46 Remaining
"
87,Kicking Team,Receiving Team,Kicking Team,Kicking Team,1,0,0,3,['FG'],0,[],1,1,656.0,"Kicking Team kicks off. 
Kicking Team: 0, Receiving Team: 0.  15:00 Remaining
Receiving Team starts their drive at their own 23 yardline
Receiving Team punts.
Kicking Team: 0, Receiving Team: 0.  13:17 Remaining
Kicking Team starts their drive at their own 40.0 yardline
Kicking Team kicks a field goal.
Kicking Team wins. Kicking Team: 3, Receiving Team: 0.  10:56 Remaining
"
88,Kicking Team,Receiving Team,Kicking Team,Receiving Team,0,1,0,0,[],7,['TD'],0,1,550.0,"Kicking Team kicks off. 
Kicking Team: 0, Receiving Team: 0.  15:00 Remaining
Receiving Team starts their drive at their own 24 yardline
Receiving Team scores a touchdown.
Extra point is good.
Receiving Team wins. Kicking Team: 0, Receiving Team: 7.  9:10 Remaining
"
89,Kicking Team,Receiving Team,Kicking Team,Kicking Team,1,0,0,3,['FG'],0,[],1,1,513.0,"Kicking Team kicks off. 
Kicking Team: 0, Receiving Team: 0.  15:00 Remaining
Receiving Team starts their drive at their own 24 yardline
Receiving Team punts.
Kicking Team: 0, Receiving Team: 0.  13:44 Remaining
Kicking Team starts their drive at their own 28.0 yardline
Kicking Team kicks a field goal.
Kicking Team wins. Kicking Team: 3, Receiving Team: 0.  8:33 Remaining
"
90,Kicking Team,Receiving Team,Kicking Team,Receiving Team,0,1,0,0,[],3,['FG'],1,2,638.0,"Kicking Team kicks off. 
Kicking Team: 0, Receiving Team: 0.  15:00 Remaining
Receiving Team starts their drive at their own 21 yardline
Receiving Team punts.
Kicking Team: 0, Receiving Team: 0.  14:40 Remaining
Kicking Team starts their drive at the opponents 35.0 yardline
Kicking Team punts.
Kicking Team: 0, Receiving Team: 0.  14:07 Remaining
Receiving Team starts their drive at their own 35.0 yardline
Receiving Team kicks a field goal.
Receiving Team wins. Kicking Team: 0, Receiving Team: 3.  10:38 Remaining
"
91,Kicking Team,Receiving Team,Kicking Team,Receiving Team,0,1,0,3,['FG'],6,"['FG', 'FG']",1,2,19.0,"Kicking Team kicks off. 
Kicking Team: 0, Receiving Team: 0.  15:00 Remaining
Receiving Team starts their drive at their own 17 yardline
Receiving Team kicks a field goal.
Receiving Team kicks off. 
Kicking Team: 0, Receiving Team: 3.  11:26 Remaining
Kicking Team starts their drive at their own 20 yardline
Kicking Team kicks a field goal.
Kicking Team kicks off. 
Kicking Team: 3, Receiving Team: 3.  5:00 Remaining
Receiving Team starts their drive at their own 14 yardline
Receiving Team kicks a field goal.
Receiving Team wins. Kicking Team: 3, Receiving Team: 6.  0:19 Remaining
"
92,Kicking Team,Receiving Team,Kicking Team,Kicking Team,1,0,0,3,['FG'],0,[],2,2,303.0,"Kicking Team kicks off. 
Kicking Team: 0, Receiving Team: 0.  15:00 Remaining
Receiving Team starts their drive at their own 5 yardline
Receiving Team punts.
Kicking Team: 0, Receiving Team: 0.  11:20 Remaining
Kicking Team starts their drive at their own 20.0 yardline
Kicking Team punts.
Kicking Team: 0, Receiving Team: 0.  8:48 Remaining
Receiving Team starts their drive at their own 22.0 yardline
Receiving Team punts.
Kicking Team: 0, Receiving Team: 0.  8:32 Remaining
Kicking Team starts their drive at their own 28.0 yardline
Kicking Team kicks a field goal.
Kicking Team wins. Kicking Team: 3, Receiving Team: 0.  5:03 Remaining
"
93,Kicking Team,Receiving Team,Kicking Team,Receiving Team,0,1,0,0,[],3,['FG'],1,1,760.0,"Kicking Team kicks off. 
Kicking Team: 0, Receiving Team: 0.  15:00 Remaining
Receiving Team starts their drive at their own 26 yardline
Receiving Team kicks a field goal.
Receiving Team kicks off. 
Kicking Team: 0, Receiving Team: 3.  13:35 Remaining
Kicking Team starts their drive at their own 20 yardline
Kicking Team went for it and failed on fourth down.
Receiving Team wins. Kicking Team: 0, Receiving Team: 3.  12:40 Remaining
"
94,Kicking Team,Receiving Team,Kicking Team,Receiving Team,0,1,0,0,[],3,['FG'],1,1,245.0,"Kicking Team kicks off. 
Kicking Team: 0, Receiving Team: 0.  15:00 Remaining
Receiving Team starts their drive at their own 20 yardline
Receiving Team kicks a field goal.
Receiving Team kicks off. 
Kicking Team: 0, Receiving Team: 3.  5:35 Remaining
Kicking Team starts their drive at their own 20 yardline
Kicking Team went for it and failed on fourth down.
Receiving Team wins. Kicking Team: 0, Receiving Team: 3.  4:05 Remaining
"
95,Kicking Team,Receiving Team,Kicking Team,Receiving Team,0,1,0,0,[],3,['FG'],1,1,709.0,"Kicking Team kicks off. 
Kicking Team: 0, Receiving Team: 0.  15:00 Remaining
Receiving Team starts their drive at the opponents 38 yardline
Receiving Team kicks a field goal.
Receiving Team kicks off. 
Kicking Team: 0, Receiving Team: 3.  13:01 Remaining
Kicking Team starts their drive at their own 20 yardline
Kicking Team turns the ball over via FUMBLE.
Receiving Team wins. Kicking Team: 0, Receiving Team: 3.  11:49 Remaining
"
96,Kicking Team,Receiving Team,Kicking Team,Receiving Team,0,1,0,0,[],3,['FG'],1,1,279.0,"Kicking Team kicks off. 
Kicking Team: 0, Receiving Team: 0.  15:00 Remaining
Receiving Team starts their drive at their own 20 yardline
Receiving Team kicks a field goal.
Receiving Team kicks off. 
Kicking Team: 0, Receiving Team: 3.  6:17 Remaining
Kicking Team starts their drive at their own 20 yardline
Kicking Team turns the ball over via INTERCEPTION.
Receiving Team wins. Kicking Team: 0, Receiving Team: 3.  4:39 Remaining
"
97,Kicking Team,Receiving Team,Kicking Team,Kicking Team,1,0,0,7,['TD'],3,['FG'],1,1,649.0,"Kicking Team kicks off. 
Kicking Team: 0, Receiving Team: 0.  15:00 Remaining
Receiving Team starts their drive at their own 35 yardline
Receiving Team kicks a field goal.
Receiving Team kicks off. 
Kicking Team: 0, Receiving Team: 3.  12:49 Remaining
Kicking Team starts their drive at their own 49 yardline
Kicking Team scores a touchdown.
Extra point is good.
Kicking Team wins. Kicking Team: 7, Receiving Team: 3.  10:49 Remaining
"
98,Kicking Team,Receiving Team,Kicking Team,Kicking Team,1,0,0,7,['TD'],0,[],1,1,502.0,"Kicking Team kicks off. 
Kicking Team: 0, Receiving Team: 0.  15:00 Remaining
Receiving Team starts their drive at their own 20 yardline
Receiving Team punts.
Kicking Team: 0, Receiving Team: 0.  12:36 Remaining
Kicking Team starts their drive at their own 20.0 yardline
Kicking Team scores a touchdown.
Extra point is good.
Kicking Team wins. Kicking Team: 7, Receiving Team: 0.  8:22 Remaining
"
99,Kicking Team,Receiving Team,Kicking Team,Kicking Team,1,0,0,7,['TD'],3,['FG'],1,1,514.0,"Kicking Team kicks off. 
Kicking Team: 0, Receiving Team: 0.  15:00 Remaining
Receiving Team starts their drive at their own 20 yardline
Receiving Team kicks a field goal.
Receiving Team kicks off. 
Kicking Team: 0, Receiving Team: 3.  11:26 Remaining
Kicking Team starts their drive at their own 40 yardline
Kicking Team scores a touchdown.
Extra point is good.
Kicking Team wins. Kicking Team: 7, Receiving Team: 3.  8:34 Remaining
"
